{
  "enabled": false,
  "name": "fps",
  "value": "FPS: [{fps} \u003e\u003d 60:\u0026a, {fps} \u003e\u003d 30:\u0026e,\u0026c]{fps}",
  "textColor": "#FFFFFF",
  "posX": 0,
  "posY": 0,
  "shadow": true,
  "background": {
    "enabled": true,
    "paddingX": 5,
    "paddingY": 5,
    "backgroundColor": "#0000004c"
  },
  "alignment": {
    "anchorPointX": 0,
    "anchorPointY": 0,
    "textAlignX": 0,
    "textAlignY": 0
  },
  "requirement": {
    "renderRequirement": ""
  },
  "advanced": {
    "scale": 0.0
  }
}