{
  "enabled": true,
  "name": "fpsnping",
  "value": "FPS:[{fps} \u003e 60:\u0026a,{fps} \u003e 30:\u00266,\u0026c] {fps} \u0026b|\u0026f Ping: [{ping} \u003c 60:\u0026a,{ping} \u003c200:\u00266,\u0026c]{ping}",
  "textColor": "#FFFFFF",
  "posX": 0,
  "posY": 221,
  "shadow": true,
  "background": {
    "enabled": true,
    "paddingX": 5,
    "paddingY": 5,
    "backgroundColor": "#0000004c"
  },
  "alignment": {
    "anchorPointX": 0,
    "anchorPointY": 0,
    "textAlignX": 0,
    "textAlignY": 0
  },
  "advanced": {
    "scale": 0.0
  }
}