{
  "enabled": false,
  "name": "location",
  "value": "Coords: \u0026c{x}\u0026f,\u0026a {y}\u0026f, \u0026b{z} \u0026f(\u0026e{velocity_xyz} m/s\u0026f)\\nChunk: \u0026c{chunk_x}\u0026f,\u0026a {chunk_y}\u0026f,\u0026b {chunk_z} \u0026f[\u00267{rel_chunk_x}\u0026f, \u00267{rel_chunk_y}\u0026f, \u00267{rel_chunk_z}\u0026f]\\nBiome: \u0026a{biome -split\u003d\\:;1-nd-tc} \u0026f(\u00267{facing_short}\u0026f)",
  "textColor": "#FFFFFF",
  "posX": 0,
  "posY": 0,
  "shadow": true,
  "background": {
    "enabled": true,
    "paddingX": 5,
    "paddingY": 5,
    "backgroundColor": "#0000004c"
  },
  "alignment": {
    "anchorPointX": 2,
    "anchorPointY": 0,
    "textAlignX": 2,
    "textAlignY": 0
  },
  "requirement": {
    "renderRequirement": ""
  },
  "advanced": {
    "scale": 0.0
  }
}