{
  "enabled": true,
  "name": "starter_info",
  "value": "\u0026lAdaptiveHUD\u0026r\\n-----------\\nThe mod comes with a few premade HUD elements,\\nlike FPS and so on. To enable the ones you want,\\npress \u0026eF8\u0026f (default keybind); which will open the main menu.\\n \\nTo move elements, press \u0026eright shift\u0026f (default keybind).\\n \\nYou can also create custom elements, see documentation:\\n\u0026bhttps://adaptivehud.gitbook.io/docs\\n \\n\u00267To \u0026ndisable\u00267 this infobox, open the main menu\\n\u00267and toggle the element called \u00266\u0026nstarter_info\u00267.",
  "textColor": "#FFFFFF",
  "posX": 0,
  "posY": 0,
  "shadow": true,
  "background": {
    "enabled": true,
    "paddingX": 5,
    "paddingY": 5,
    "backgroundColor": "#0000004c"
  },
  "alignment": {
    "anchorPointX": 0,
    "anchorPointY": 0,
    "textAlignX": 0,
    "textAlignY": 0
  },
  "requirement": {
    "renderRequirement": ""
  },
  "advanced": {
    "scale": 0.8
  }
}