{
  "enabled": false,
  "name": "target",
  "value": "[\"{target_block}\":{target_block}\u00267 (\u0026a{tbx}\u00267\\, \u0026e{tby}\u00267\\, \u0026b{tbz}\u00268 (\u00267{tb_distance}\u00268)\u00267)][\"{target_fluid}\":\\n\u0026f{target_fluid}\u00267 (\u0026a{tfx}\u00267\\, \u0026e{tfy}\u00267\\, \u0026b{tfz}\u00268 (\u00267{tf_distance}\u00268)\u00267)][\"{target_entity}\":\\n\u0026f{target_entity}\u00267 (\u0026a{tex}\u00267\\, \u0026e{tey}\u00267\\, \u0026b{tez}\u00268 (\u00267{te_distance}\u00268)\u00267)]",
  "textColor": "#FFFFFF",
  "posX": 0,
  "posY": 0,
  "shadow": true,
  "background": {
    "enabled": true,
    "paddingX": 5,
    "paddingY": 5,
    "backgroundColor": "#0000004c"
  },
  "alignment": {
    "anchorPointX": 1,
    "anchorPointY": 0,
    "textAlignX": 1,
    "textAlignY": 0
  },
  "requirement": {
    "renderRequirement": "\"{target_block}\"||\"{target_fluid}\"||\"{target_entity}\""
  },
  "advanced": {
    "scale": 0.0
  }
}